{
	"format_version": "1.8.0",
	"animations": {
		"animation.mummy.default": {
			"loop":false,
			"animation_length": 1.04167,
			"bones": {
				"head": {
					"rotation": {
						"0.0": [2.5, 0, 0],
						"0.2083": [0, 0, 0],
						"0.4583": [5, -2.5, 0],
						"0.7917": [5, 5, 0],
						"1.0417": [2.5, 0, 0]
					},
					"position": {
						"0.0": [0, 0, -1],
						"1.0417": [0, 0, -1]
					}
				},
				"body": {
					"rotation": {
						"0.0": [5, 0, 0],
						"1.0417": [5, 0, 0]
					},
					"position": {
						"0.0": [0, 0, -1],
						"1.0417": [0, 0, -1]
					}
				},
				"leftArm": {
					"rotation": {
						"0.0": [-15, 0, 0],
						"0.2083": [-25, 0, 0],
						"0.4583": [-20, 0, 0],
						"0.7917": [-25, 0, 0],
						"1.0417": [-15, 0, 0]
					},
					"position": {
						"0.0": [0, 0, -1],
						"1.0417": [0, 0, -1]
					}
				},
				"rightArm": {
					"rotation": {
						"0.0": [-15, 0, 0],
						"0.2083": [-20, 0, 0],
						"0.4583": [-12.5, 0, 0],
						"0.75": [-15, 0, 0],
						"1.0417": [-15, 0, 0]
					},
					"position": {
						"0.0": [0, 0, -1],
						"1.0417": [0, 0, -1]
					}
				}
			}
		},
		"animation.mummy.attack": {
			"loop": true,
			"animation_length": 1.04167,
			"bones": {
				"head": {
					"rotation": {
						"0.0": [2.5, 0, 0],
						"0.4583": [-7.5, 0, 0],
						"1.0": [2.5, 0, 0]
					},
					"position": {
						"0.0": [0, 0, -1],
						"1.0": [0, 0, -1]
					}
				},
				"body": {
					"rotation": {
						"0.0": [5, 0, 0],
						"1.0417": [5, 0, 0]
					},
					"position": {
						"0.0": [0, 0, -1],
						"1.0417": [0, 0, -1]
					}
				},
				"leftArm": {
					"rotation": {
						"0.0": [-15, 0, 0],
						"0.4583": [-82.5, 0, 0],
						"1.0417": [-15, 0, 0]
					},
					"position": {
						"0.0": [0, 0, -1],
						"1.0417": [0, 0, -1]
					}
				},
				"rightArm": {
					"rotation": {
						"0.0": [-15, 0, 0],
						"0.4583": [-80, 0, 0],
						"1.0417": [-15, 0, 0]
					},
					"position": {
						"0.0": [0, 0, -1],
						"1.0417": [0, 0, -1]
					}
				}
			}
		},
		"animation.mummy.move": {
			"loop": true,
			"animation_length": 1.04167,
			"bones": {
				"head": {
					"rotation": {
						"0.0": [2.5, 0, 0],
						"0.4583": [-7.5, 0, 0],
						"1.0": [2.5, 0, 0]
					},
					"position": {
						"0.0": [0, 0, -1],
						"1.0": [0, 0, -1]
					}
				},
				"body": {
					"rotation": {
						"0.0": [2.5, 0, 0],
						"0.5": [6.2, 0, 0],
						"1.0417": [2.5, 0, 0]
					},
					"position": {
						"0.0": [0, 0, -1],
						"1.0417": [0, 0, -1]
					}
				},
				"leftArm": {
					"rotation": {
						"0.0": [-15, 0, 0],
						"0.4583": [-82.5, 0, 0],
						"1.0417": [-15, 0, 0]
					},
					"position": {
						"0.0": [0, 0, -1],
						"1.0417": [0, 0, -1]
					}
				},
				"rightArm": {
					"rotation": {
						"0.0": [-15, 0, 0],
						"0.4583": [-80, 0, 0],
						"1.0417": [-15, 0, 0]
					},
					"position": {
						"0.0": [0, 0, -1],
						"1.0417": [0, 0, -1]
					}
				},
				"leftLeg": {
					"rotation": {
						"0.0": [17.5, 0, 0],
						"0.25": [0, 0, 0],
						"0.5": [-25, 0, 0],
						"1.0417": [17.5, 0, 0]
					}
				},
				"rightLeg": {
					"rotation": {
						"0.0": [-27.5, 0, 0],
						"0.25": [0, 0, 0],
						"0.5": [22.5, 0, 0],
						"1.0417": [-27.5, 0, 0]
					}
				}
			}
		}
	}
}